name,price,score,num
[4人출발확정]라오스 비엔티엔/방비엥 + 블루라군 + 쏭강 풍등 5일,369000, 9.4,69
[라오스 비엔티엔5일]방비엥+루앙프라방_꽝시폭포+쏭강래프팅,539000, 9.3,4
[라오스 비엔티엔5일] 비엔티엔5성UP_방비엥+블루라군+탐논동굴튜빙,379000, 9.6,5
[부산출발_라오스 4/5일]극한가격! 비엔티엔/방비엥+전신마사지,279000, 9.4,14
[비엔티엔/방비엥]설연휴 라오스가자! 블루라군 + 쏭강 풍등 5일,449000, 0.0,0
[부산_라오스 5일] 비엔티엔/루앙프라방/방비엥+전신마사지,619000, 9.9,8
[부산_라오스 5일]뭉쳐야간다! 비엔티엔/방비엥+코끼리트래킹+짚라인,419000, 10.0,1
[부산출발_라오스 4/5일]비엔티엔/방비엥+전신마사지,429000, 9.7,8
[무안출발_라오스 5일] 제주항공 전세기 라오스 비엔티엔/방비엥+전신마사지,999000, 0.0,0
[부산_라오스 5일] 티웨이 전세기 기념 특가!! 비엔티엔/루앙프라방/방비엥+전신마사지,799000, 0.0,0
[부산_라오스 5일]티웨이 항공 전세기!! 비엔티엔/방비엥+코끼리트래킹+짚라인,499000, 0.0,0
[부산출발_라오스 4/5일]티웨이 전세기 라오스 비엔티엔/방비엥+전신마사지,479000, 0.0,0
[출발100%보장][최우수가이드배정][가즈아UP~라오스] 라오스 5일 (비엔티엔5성/방비엥4성)◆블루라군◆,415100, 0.0,0
☆[DANDI 플러스] 라오스 3박 4일(비엔티엔/방비엥)◆준특/블루라군포함◆,499000, 0.0,0
[월드체인UP/최다판매BEST/노쇼핑]치앙마이/치앙라이/라오스/미얀마 특급 5일,787500, 0.0,0
☆[싸데이plus] 라오스 4박 5일(비엔티엔/방비엥)◆준특/블루라군포함◆,599000, 10.0,1
◆동반자5만원할인◆[최우수가이드배정] 라오스 5일(비엔티엔/방비엥)◆블루라군/카야킹/전신마사지◆,465100, 10.0,1
[이번엔/버기카포함] 라오스 5일(비엔티엔/방비엥) ◆전일정4성◆,473500, 10.0,1
▶품격◀ 라오스 골프 4박5일-54홀[특급호텔][올포함],1508800, 0.0,0
▷실속◁ 라오스 골프 3박5일-54홀[준특급호텔],1047500, 0.0,0
▶품격◀ 라오스 골프 3박5일-54홀[특급호텔][올포함],1181100, 0.0,0
[라오스 자유여행] 라오스 루앙프라방(루앙프라방뷰 2박) 에어텔 5일 (5성급),863500, 0.0,0
[라오스 자유여행] 라오스 비엔티엔 싸이솜분 부티크 (4성급) 3박 5일,535100, 0.0,0
[라오스 자유여행] 라오스 비엔티엔 두앙프라세우스(3성급) 에어텔 3박 5일,435100, 0.0,0
[라오스 자유여행] 라오스 비엔티엔 산지앙 그랜드 (4성급) 3박 5일,505100, 0.0,0
[라오스 자유여행] 라오스 비엔티엔 그랜드호텔 (4성급) 3박 5일,495100, 0.0,0
[라오스 자유여행] 라오스 비엔티엔 두앙찬 플라자(3성급) 에어텔 3박 5일,435100, 0.0,0
[라오스 자유여행] 라오스 비엔티엔 반사나리버사이드 (4성급) 3박 5일,495100, 0.0,0
[라오스 자유여행] 라오스 비엔티엔/방비엔(전일정4성급) 에어텔 3박 5일,525100, 0.0,0
[라오스 자유여행] 라오스 비엔티엔/방비엔(전일정3성급) 에어텔 3박 5일,455100, 0.0,0
♣모두의품격♣[노옵션/노쇼핑/노팁/특급] 라오스(비엔티엔/방비엥) 4박 5일,1001800, 0.0,0
♣모두의품격♣[노옵션/노쇼핑/노팁/특급] 라오스(비엔티엔/방비엥) 3박 4일,1001800, 0.0,0
♣모두의품격♣[노옵션/노쇼핑/노팁/준특급] 라오스(비엔티엔/방비엥) 4박 5일,899000, 0.0,0
♣모두의품격♣[노옵션/노쇼핑/노팁/준특급] 라오스(비엔티엔/방비엥) 3박 4일,899000, 0.0,0
□[국내선편도/루앙프라방2박] 라오스 완전일주 5일 (비엔티엔/방비엥/루앙프라방),699000, 0.0,0
★패키지+[특급호텔(아마리 지정)/27만원상당 특전 포함/노옵션/쇼핑2회]라오스(비엔티엔/방비엥) 4박 5일,799000, 0.0,0
★패키지+[특급호텔(아마리 지정)/27만원상당 특전 포함/노옵션/쇼핑2회]라오스(비엔티엔/방비엥) 3박 4일,849000, 0.0,0
★패키지+[27만원상당 특전 포함/노옵션/쇼핑2회/비엔 5성]라오스(비엔티엔/방비엥) 4박 5일,699000, 0.0,0
★패키지+[27만원상당 특전 포함/노옵션/쇼핑2회/비엔 5성]라오스(비엔티엔/방비엥) 3박 4일,749000, 0.0,0
☆[특급호텔(아마리 지정/비엔 5성)] 라오스 4박 5일(비엔티엔/방비엥)◆카야킹+전신마사지1시간◆,599000, 0.0,0
☆[특급호텔(아마리 지정/비엔 5성)] 라오스 3박 4일(비엔티엔/방비엥)◆카야킹+전신마사지1시간◆,649000, 0.0,0
☆[비엔티엔 5성UP] 라오스 4박 5일(비엔티엔/방비엥)◆비엔 5성+카야킹+전신마사지1시간◆,499000, 0.0,0
☆[비엔티엔 5성UP] 라오스 3박 4일(비엔티엔/방비엥)◆비엔 5성+카야킹+전신마사지1시간◆,549000, 0.0,0
☆[DANDI 플러스] 라오스 4박 5일(비엔티엔/방비엥)◆준특/블루라군포함◆,449000, 0.0,0
[2019트립페스타][MD추천][노쇼핑/노옵션/노팁] 라오스 핵심일정+추천옵션 포함 3박5일(비엔티엔-방비엥),892500, 0.0,0
[MD추천][노쇼핑/노옵션/노팁] 라오스 핵심일정+추천옵션 포함 3박5일(비엔티엔-방비엥),924500, 0.0,0
[짚라인+코끼리트래킹] 라오스 5일(비엔티엔/방비엥),445100, 0.0,0
☆[트레블페스티벌] 라오스 4박 5일(비엔티엔/방비엥)◆준특/블루라군포함◆,806000, 0.0,0
★패키지+[특급호텔(아마리 지정)/27만원상당 특전 포함/노옵션/쇼핑2회]라오스(비엔티엔/방비엥) 4박 5일,959000, 0.0,0
★패키지+[특급호텔(아마리 지정)/27만원상당 특전 포함/노옵션/쇼핑2회]라오스(비엔티엔/방비엥) 3박 4일,758800, 0.0,0
★패키지+[27만원상당 특전 포함/노옵션/쇼핑2회/비엔 5성]라오스(비엔티엔/방비엥) 3박 4일,806000, 0.0,0
★패키지+[노옵션/쇼핑2회]라오스(비엔티엔/방비엥) 3박 4일(비엔5성/$230상당 추천옵션 ALL포함),1058800, 0.0,0
[월드체인UP/최다판매BEST/노쇼핑]치앙마이/치앙라이/라오스/미얀마 특급 6일,902500, 0.0,0
NEW [노쇼핑/노옵션] 라오스 완전일주 5일 (비엔티엔/방비엥/루앙프라방),1488500, 0.0,0
[노쇼핑/노팁] 라오스 품격 3박 5일(비엔티엔5성/방비엥4성),745100, 0.0,0
★6명출발보장★[노쇼핑/노옵션] 라오스 3박5일 (비엔티엔/방비엥),1128500, 0.0,0
[메가세일/가즈아UP~라오스] 라오스 5일 (비엔티엔5성/방비엥4성) ◆블루라군◆,1015100, 0.0,0
[메가플러스/가즈아~라오스] 라오스 5일 (비엔티엔/방비엥) ◆블루라군◆,569000, 0.0,0
□[국내선편도/루앙프라방2박] 라오스 완전일주 5일 (비엔티엔/방비엥/루앙프라방),879000, 0.0,0
[국내선편도포함] ■루앙프라방/방비엥■ 라오스 5일 (꽝시폭포-탁발-블루라군),815000, 0.0,0
[담당자추천NO.2]치앙마이(푸라마특급)/치앙라이(준특)/라오스/미얀마 6일,579500, 0.0,0
[담당자추천NO.2]치앙마이(푸라마특급)/치앙라이(준특)/라오스/미얀마 5일,581500, 0.0,0
[월드체인UP/담당자추천NO.1]치앙마이(모벤픽수리웡특급)/치앙라이(준특)라오스/미얀마 6일,650500, 0.0,0
[월드체인UP/담당자추천NO.1]치앙마이(모벤픽수리웡특급)/치앙라이(준특)/라오스/미얀마 5일,618500, 0.0,0
[월드체인UP/태국북부명소탐방]치앙마이(특급)/치앙라이(준특급) 6일◆미얀마+라오스+파야호+람빵◆,763500, 0.0,0
[월드체인UP/태국북부명소탐방]치앙마이(특급)/치앙라이(준특급) 5일◆미얀마+라오스+파야호+람빵◆,721500, 0.0,0
[최다판매BEST/조기예약할인]치앙마이/치앙라이/라오스/미얀마 초특급 6일,961500, 0.0,0
[최다판매BEST/조기예약할인]치앙마이/치앙라이/라오스/미얀마 초특급 5일,907500, 0.0,0
☆출발100%보장☆[월드체인UP/최다판매BEST]치앙마이/치앙라이/라오스/미얀마 특급 6일,786500, 0.0,0
[월드체인UP/최다판매BEST]치앙마이/치앙라이/라오스/미얀마 특급 5일,744500, 0.0,0
♥크루즈편도탑승♥라오스5일(비엔티엔3성/방비엥4성)◆남능크루즈+블루라군◆,445100, 0.0,0
[♥크루즈편도탑승♥]라오스5일(비엔티엔5성/방비엥4성)◆남능크루즈+블루라군◆,485100, 0.0,0
[떴다 치앙마이!!]치앙마이/치앙라이/라오스/미얀마 특급 5일■월드체인UP/최다판매BEST■,964000, 0.0,0
☆[특급호텔(아마리 지정/비엔 5성)] 라오스 4박 5일(비엔티엔/방비엥)◆카야킹+전신마사지1시간◆,749000, 0.0,0
☆[특급호텔(아마리 지정/비엔 5성)] 라오스 3박 4일(비엔티엔/방비엥)◆카야킹+전신마사지1시간◆,549000, 0.0,0
[노쇼핑] 라오스 품격 5일(비엔티엔/방비엥),849000, 0.0,0
★패키지+[27만원상당 특전 포함/노옵션/쇼핑2회/비엔 5성]라오스(비엔티엔/방비엥) 4박 5일,849000, 0.0,0
★패키지+[27만원상당 특전 포함/노옵션/쇼핑2회/비엔 5성]라오스(비엔티엔/방비엥) 3박 4일,656000, 0.0,0
☆[비엔티엔 5성UP] 라오스 4박 5일(비엔티엔/방비엥)◆비엔 5성+카야킹+전신마사지1시간◆,649000, 0.0,0
☆[비엔티엔 5성UP] 라오스 3박 4일(비엔티엔/방비엥)◆비엔 5성+카야킹+전신마사지1시간◆,449000, 0.0,0
☆[싸데이plus] 라오스 3박 4일(비엔티엔/방비엥)◆준특/블루라군포함◆,399000, 0.0,0
★루앙완전일주★[고품격]루앙프라방 완전일주 5일 (비엔티엔/루앙프라방),1187500, 0.0,0
NEW [노쇼핑/노옵션] 라오스 완전일주 5일 (비엔티엔/방비엥/루앙프라방),1488500, 0.0,0
[호텔콕][고품격] 라오스 완전일주 5일 (비엔티엔/방비엥/루앙프라방),1228500, 0.0,0
NEW [품격] 라오스 완전일주 5일 (비엔티엔/방비엥/루앙프라방),813500, 0.0,0
NEW [실속] 라오스 완전일주 5일 (비엔티엔/방비엥/루앙프라방),745100, 0.0,0
[노쇼핑/노팁] 라오스 품격 3박 5일(비엔티엔5성/방비엥4성),943500, 0.0,0
[뉴세븐럭 품격] 라오스 5일(비엔티엔/방비엥)◆블루라군+스피드보트◆,473500, 0.0,0
[뉴세븐럭 실속] 라오스 5일(비엔티엔/방비엥)◆블루라군+스피드보트◆,789000, 0.0,0
[블루가득] 라오스5일(비엔티엔 5성/방비엥 4성)◆블루라군+블루라군2포함◆,445100, 0.0,0
[이번엔/비엔티엔5성급UP↑] 라오스5일 (비엔티엔5성/방비엥4성),445100, 0.0,0
[이번엔] 라오스 5일(비엔티엔/방비엥),425100, 0.0,0
[최우수가이드배정][가즈아~라오스] 라오스 5일(비엔티엔/방비엥)◆블루라군◆,373500, 0.0,0
[출발100%보장] [버기카+코끼리트래킹][최우수가이드배정] 라오스 5일(비엔티엔/방비엥),445100, 0.0,0
[홈쇼핑따라잡기]라오스5일(비엔티엔/방비엥)★블루라군+오전자유★,473500, 0.0,0
[치앙마이 4박5일] 매력만점 치앙마이+골든트라이앵글,429000, 0.0,0
[치앙마이/치앙라이 5일] 3色골든트라이앵글+백색사원투어,544000, 9.6,19
[부산출발_치앙마이 5일] FANTASTIC+부산직항+치앙마이,699000, 0.0,0
[부산출발_치앙마이 4일] SPECIAL+부산직항+치앙마이,679000, 0.0,0
[부산출발_치앙마이 5일] 방콕앙앙+치앙라이,699000, 8.0,1
